|С начала расследования российского вмешательства в выборы власти США потратили более 25 миллионов долларов. Об этом сообщает Associated Press со ссылкой на отчет Министерства юстиции США. В документе содержатся данные о расходах на следствие с апреля по сентябрь 2018 года. За эти полгода было потрачено 4,6 миллиона долларов, из которых почти 3 миллиона долларов ушли на зарплату сотрудников, 580 тысяч — на поездки и сопутствующие расходы. Ранее Минюст США уже публиковал отчеты о затратах на дело о российском вмешательстве за предыдущие месяцы. 11 декабря расследование спецпрокурора Робера Мюллера показало, что по меньшей мере 14 человек из окружения президента США Дональда Трампа контактировали с россиянами во время его избирательной кампании и последующего переходного периода перед вступлением в должность главы государства. Мюллер с 2017 года ведет дело о якобы российском вмешательстве в американские выборы в 2016-м. Перед ним поставлена задача выяснить, был ли сговор между штабом Трампа и Россией. Кремль и Белый дом отвергают все обвинения. Россию неоднократно обвиняли во вмешательстве в выборы президента США с помощью хакеров. В июне спецслужбы выдвинули заочное обвинение 12 российским разведчикам. По данным спецслужб США, российская разведка использовала две хакерские группировки для взлома серверов Демократической партии.| 0
|Минобороны опубликовало на YouTube видео полета российских стратегических бомбардировщиков Ту-160, отправленных в Венесуэлу, над водами Карибского моря. Пилоты провели в небе почти 10 часов. «На некоторых этапах маршрута российские ракетоносцы работали совместно с истребителями Су-30 и F-16 Национальной Боливарианской военной авиации. Летчики двух стран отработали взаимодействие при выполнении полетных заданий», — отмечает ведомство под роликом. В южноамериканскую страну были направлены два стратегических ракетоносца Ту-160, тяжелый военный транспортный самолет Ан-124 и дальнемагистральный самолет Ил-62 российских воздушно-космических сил (ВКС). Как передает ТАСС, 14 декабря они покинули государство и полетели на домашнюю базу. Ту-160, сверхзвуковой стратегический бомбардировщик-ракетоносец с изменяемой геометрией крыла, является самым крупным, мощным и тяжелым боевым сверхзвуковым самолетом в мире.| 0
|Жители Великобритании будут платить семь евро за посещение стран Евросоюза после Brexit. Об этом сообщает BBC News. Въезд нужно будет оплачивать каждые три года. Британцы по-прежнему смогут путешествовать по территории ЕС без визы, однако им придется подавать электронную заявку в системе ETIAS (European Travel Information and Authorization System). До 2021 года будет длиться переходный период, во время которого граждан Британии продолжат пускать в ЕС по паспорту, после этого электронная заявка станет обязательной. Система ETIAS будет действовать для граждан из 61 страны, которые могут находиться в странах Шенгенского соглашения без визы до 90 дней. Евросоюз принял решение ужесточить пограничный контроль в связи с миграционным кризисом и усилением террористической угрозы. Предполагается, что 95 процентов заявок будут получать одобрение в течение нескольких минут, однако рассмотрение заявления может занять до четырех недель, также его могут отклонить. В случае положительного решения разрешение будет действовать три года без ограничения по количеству въездов. 10 декабря премьер-министр Великобритании Тереза Мэй отложила парламентское голосование по Brexit, поскольку ее план выхода страны из Евросоюза не поддержало большинство депутатов. Выход Великобритании из ЕС должен официально состояться 29 марта 2019 года. После этого, согласно замыслу Мэй, до конца 2020 года будет проходить переходный период, в который Соединенное Королевство продолжит платить взносы в бюджет Евросоюза.| 0
|Производитель онлайн-касс «Эвотор» проанализировал данные со своих терминалов, установленных в тысячах продуктовых магазинов по стране, и рассчитал стоимость базового новогоднего стола в разных городах России. Об этом сообщает РИА Новости. Дороже всего закупка продуктов к Новому году обойдется жителям Якутии, они потратят 447 рублей на человека. Самый дешевый праздничный стол ждет жителей Оренбурга — 221 рубль на человека. Среднюю стоимость новогодних блюд по стране компания оценила в 295 рублей. В базовый набор продуктов для праздничного стола вошли оливье с колбасой, сельдь под шубой (порции по 150 граммов), два бокала шампанского, бутерброд с красной икрой, бутерброд с семгой, сырная и колбасная нарезка (по 50 граммов), три мандарина и одно яблоко. Помимо Якутии, самые высокие цены на праздничные продукты ждут жителей Приморского края, Мурманска, Магадана и Вологды. Недорогую закупку смогут сделать россияне из Ставрополя, Новосибирска, Липецка и Омска. 13 декабря стало известно, что в России начали отказываться от традиционного салата оливье на Новый год. Россияне заменяют майонез, мясо и картофель на более легкие ингредиенты.| 2
|Россиянка Мария Бутина, судимая в США по обвинению в участии в заговоре с целью ведения деятельности в пользу иностранного государства, может стать фигурантом еще одного дела. Об этом сообщает Daily Beast. Издание обратило внимание на запрос федеральной прокуратуры в Вашингтоне, который опубликовал в Twitter журналист Спенсер Хсу. Данная бумага находилась в закрытых судебных документах. Прокуратура просит разрешение транспортировать Бутину из тюрьмы для дачи показаний по вероятному уголовному расследованию, детали которого не уточняются. Перевозку россиянки планируется осуществить тайно, в том числе и в целях безопасности самой ответчицы. 13 декабря Мария Бутина в суде призналась в работе иностранным агентом под руководством российского государственного чиновника без согласования с Генпрокуратурой США. Она пошла на сделку со следствием и признала вину по некоторым пунктам обвинения. Следующее слушание по делу назначено на 12 февраля. Бутина была задержана в США 15 июля. Американская сторона заявляет, что она пыталась повлиять на главных спонсоров Республиканской партии для продвижения российских интересов. Кремль считает все обвинения со стороны США в адрес россиянки необоснованными, а в МИД заявили, что ее подвергали пыткам в тюрьме.| 0
|Пентагон проигнорировал обращение министра обороны России Сергея Шойгу обсудить ситуацию вокруг Договора о ликвидации ракет малой и средней дальности (ДРСМД) и проблемы в Сирии. Об этом заявил официальный представитель Минобороны генерал-майор Игорь Конашенков, передает «Интерфакс». По его словам, атташе по вопросам обороны при посольстве США в России несколько дней назад передал главе Пентагона Джеймсу Мэттису два обращения. Первое касалось усиления курдско-арабского конфликта на подконтрольной США территории Сирии восточнее Евфрата. Во второй ноте Шойгу предложил обсудить имеющиеся разногласия по условиям соблюдения ДРСМД. «По прошествии трех суток даже формальной реакции на данные предложения Минобороны России от американского военного ведомства не последовало», — заявил Конашенков. Он подчеркнул, что в обращении Шойгу говорилось о готовности российской стороны к открытому и предметному диалогу. «Все это говорит о нежелании американской стороны к аргументированному и профессиональному диалогу с Россией в интересах разрешения актуальных проблем обеспечения региональной и глобальной безопасности», — заключил представитель Минобороны. 13 декабря замглавы МИД России Сергей Рябков упрекнул США в молчании по поводу ДРСМД. Он заявил, что Вашингтон до сих пор не предоставил Москве разъяснений понятия «приостановка» договора, при этом в реализации соглашения «реально приостанавливать практически нечего». Президент США Дональд Трамп впервые заявил о намерении выйти из ДРСМД 20 октября. 4 декабря госсекретарь США Майк Помпео официально обвинил Россию в несоблюдении договора. Он заявил, что Вашингтон приостановит действие договора, а затем начнет процедуру по выходу из него в том случае, если Москва не вернется к установленным условиям соглашения в течение 60 дней. ДРСМД был подписан в 1987 году генеральным секретарем ЦК КПСС Михаилом Горбачевым и президентом США Рональдом Рейганом. Он запрещает сторонам иметь баллистические ракеты наземного базирования и крылатые ракеты с дальностью от 500 до 5,5 тысячи километров.| 0
|Россия призвала Китай принять участие в переговорах о судьбе Договора о размещении ракет средней и малой дальности (ДРСМД), из которого собираются выйти США. Об этом в субботу, 15 декабря, сообщает Nikkei со ссылкой на несколько источников. Москва в октябре предложила Пекину принять участие в обсуждении ядерной сделки. В КНР, судя по всему, идею не отвергли. Путин, возможно, затронул тему участия Китая во время разговора с президентом США Дональдом Трампом в Буэнос-Айресе 1 декабря, сообщил источник, близкий к российскому правительству. Ранее 15 декабря официальный представитель министерства обороны России Игорь Конашенков сообщил, что несколько дней назад главе Пентагона передали официальное предложение Сергея Шойгу обсудить имеющиеся разногласия по ДРСМД, однако никакой реакции не последовало. 14 декабря директор Департамента по вопросам нераспространения и контроля над вооружениями МИД России Владимир Ермаков заявил, что если США выйдут из договора, то Россия не будет связана никакими обязательствами по ДРСМД, а «ответственность за слом одной из основ стратегической стабильности ложится на Соединенные Штаты». Замглавы МИД Сергей Рябков 13 декабря сказал, что в Вашингтоне до сих пор не пояснили, что вкладывают в понятие «приостановка» договора. Обвинения американской стороны в нарушении ДРСМД Москвой в МИД назвали голословными и необоснованными. 4 декабря госсекретарь США Майк Помпео заявил, что  если Россия не начнет исполнять договор в течение 60 дней, то Америка сначала приостановит его действие, а потом начнет процедуру выхода. В октябре этого года Трамп объявил, что Америка выйдет из ДРСМД, поскольку Россия нарушает условия договора. При этом он утверждает, что Вашингтон готов заключить новую ядерную сделку с участием Москвы и Пекина. ДРСМД запрещает иметь баллистические ракеты наземного базирования и крылатые ракеты с дальностью от 500 до 5,5 тысячи километров. Договор был подписан еще в 1987 году лидерами СССР и США Михаилом Горбачевым и Рональдом Рейганом.| 0
|Президент России Владимир Путин организовал для тяжелобольного мальчика обещанный полет на президентском вертолете. Об этом сообщает РИА Новости. Глава государства перед заседанием Совета по культуре и искусству в Санкт-Петербурге встретился с Артемом Пальяновым из Ленинградской области, который просил президента показать ему город с борта вертолета. С мальчиком пришли его брат и отец. «Хочу поздравить вас с наступающим Новым годом, Рождеством», — сказал Путин, встретившись с семьей. За чаепитием он показал ребенку маршрут заготовленной для него экскурсии и распаковал с ним новогодние подарки, а после проводил до вертолетной площадки. Как сообщает ТАСС, во время полета ребенка пустили в кабину пилота, а больше всего ему понравился вид «Лахта-центра» с высоты. «Ожидал, что будет красиво, но не настолько», — рассказал мальчик. Артем Пальянов является одним из пяти детей, чьи мечты Путин обещал исполнить на форуме добровольцев России в начале декабря. Глава государства забрал конверты с их историями со стенда проекта «Мечтай со мной», участники которого занимаются воплощением желаний тяжелобольных детей.| 0
|Президент России Владимир Путин рассказал, что его больше всего беспокоит в молодежной современной культуре, в том числе в рэпе. Об этом сообщает «Интерфакс» с заседания Совета по культуре и искусству в Санкт-Петербурге в субботу, 15 декабря. Проблему с запретами рэп-концертов в России поднял композитор и продюсер Игорь Матвиенко. «Вот вы сказали, что рэп и прочая современная [поп-культура стоит] на трех китах — секс, наркотики и протест. Из всего этого, конечно, больше всего беспокоят наркотики. Это очевидные вещи, это путь к деградации нации. Им нравится где-то там, "за бугром" этим заниматься, ну, и бог в помощь, пускай что хотят, то и делают, мы здесь должны думать на тему о том, как выстраивать работу с тем, чтобы такого не было. Это даже не ругаться матом», — высказался президент. При этом глава государства подчеркнул, что считает самым неэффективным и плохим методом воспитания молодежи различные запреты по принципу «хватать и не пущать». По его мнению, современную молодежную культуру необходимо направлять. «Вот как это сделать, как возглавить и направить в нужном направлении и нужными средствами — это самое главное», — сказал Путин. 7 декабря первый заместитель главы администрации президента Сергей Кириенко на съезде «Единой России» назвал отмены концертов российских музыкантов глупостью. За последние два месяца в регионах отменили выступления многих музыкантов, в том числе Хаски, Монеточки, Элджея, а также групп IC3PEAK и «Френдзона». 6 декабря российские рэперы выступили на круглом столе в Госдуме, посвященном срыву концертов.| 0
|Федеральный суд в техасском городе Форт-Уорт объявил неконституционной реформу здравоохранения и защиты пациентов в США, известную как Obamacare. Об этом в субботу, 15 декабря, сообщает Reuters. Судья Рид О'Коннор, принявший это решение, объяснил его упразднением в 2017 году одного из главных положений Obamacare — мандата, обязывающего всех граждан США покупать медицинскую страховку. Сторонники Obamacare намерены обжаловать вердикт в Верховном суде. Прошлогоднее изменение в налоговых законах отменило выплату штрафа за отсутствие страховки и тем самым, по мнению О'Коннора, сделало остальную часть реформы недействительной. Признания Obamacare не соответствующей конституции добивалась коалиция из выборных лиц двадцати штатов США.  «Вау, но не удивительно: техасский суд только что признал Obamacare неконституционной. Отличные новости, Америка!» — прокомментировал вердикт президент США Дональд Трамп. Реформа здравоохранения считается одним из главных законодательных достижений президентства Барака Обамы. Ее отмена в свою очередь стала центральным пунктом избирательной программы Трампа. В октябре 2017-го действующий глава США подписал поправки к Obamacare, позволяющие учреждениям покупать индивидуальные и коллективные страховки вне государственной системы.| 0
|Россия не настроена серьезно на сохранение Договора о ликвидации ракет средней и малой дальности (ДРСМД), так как не признает за собой нарушения документа. Об этом заявил представитель Совета национальной безопасности при Белом доме Гарретт Маркис, передает РИА Новости. По его словам, в случае, если бы Россия была заинтересована в спасении договора, она бы предприняла шаги к уничтожению своих крылатых ракет, пусковых установок и поддерживающего оборудования, которые нарушают ДРСМД. «После пяти лет переговоров в отсутствие свидетельства того, что российские лидеры готовы признать нарушения, мы не можем заключить, что Россия настроена серьезно», – добавил Маркис. В октябре президент США Дональд Трамп впервые заявил о намерении выйти из ДРСМД. 4 декабря госсекретарь США Майк Помпео официально обвинил Россию в несоблюдении договора. Он заявил, что Вашингтон приостановит действие договора, а затем начнет процедуру по выходу из него в том случае, если Москва не вернется к установленным условиям соглашения в течение 60 дней.| 0
|Эксперты «Роскачества» рассказали, как выбрать игристое вино к Новому году. Об этом говорится на сайте организации. В частности, необходимо обратить внимание на этикетку. Если отсутствует надпись «игристое вино» или «российское шампанское», то, вероятнее всего, это «винный напиток газированный», в котором может содержаться до 50 процентов виноматериала, а остальное — вода, ароматизаторы и красители. В «Роскачестве» отметили, что такой напиток проще и дешевле сделать самостоятельно в домашних условиях при помощи сифона, виноградного сока, алкоголя и воды. При этом не стоит выбирать игристое вино по цене. Данная продукция из российского винограда может стоить от 300 рублей, а в акции доходить до 200, и даже в этой ценовой категории «можно найти не самые плохие» варианты. Также в Роскачестве рекомендуют обратить внимание на вина защищенного географического указания (ЗГУ). Например, в вине защищенного географического указания «Кубань. Таманский полуостров» используется виноград, собранный именно в границах суб-региона Таманский полуостров. В организации отметили, что соблюдение производителями этого правила в настоящее время жестко контролируется государством. | 2
|Ученые Университета Нового Южного Уэльса (Австралия) пришли к выводу, что глобальное потепление приведет к длительным засухам и нехватке пресной воды. Об этом сообщается в пресс-релизе на Phys.org. Исследователи проанализировали данные, полученные с 43 тысяч метеорологических станций и 5 300 участков мониторинга речного стока в 160 странах. Оказалось, что, несмотря на то, что изменение климата провоцирует частые экстремальные осадки, уровень воды в крупных реках становится ниже, что может спровоцировать засухи. Специалисты объясняют этот парадокс высыханием почв. Переувлажненные почвы позволяют избытку влаги (36 процентов от всего количества осадков) стекать в реки, однако сухой грунт впитывает больше дождевой воды, уменьшая сток. Почвы теряют влагу из-за увеличения температуры воздуха. Это создает угрозу для водоснабжения городов и ферм во всем мире. В то же время избыток осадков приводит к наводнениям в населенных пунктах, из-за чего невозможно эффективно пополнять резервуары пресной воды.| 1
|Российские помидоры в 2018 году стоили дешевле импортных, пишет РБК со ссылкой на данные консалтинговой компании «НЭО Центр». Это случилось впервые за шесть лет ведения соответствующей статистики. По итогам девяти месяцев 2018 года средняя цена импортных томатов составила 82,6 рубля за килограмм, что на 30 процентов выше аналогичного показателя в прошлом году. В качестве основной причины роста цены аналитики называют девальвацию рубля. Российские помидоры за этот же период тоже подорожали, но всего на два рубля (2,7 процента) — до 74 рублей за килограмм. Главная причина незначительных изменений — хороший урожай отечественных тепличных овощей. Это, в свою очередь, стало возможно благодаря программе господдержки производителей, которым с 2015 года возмещают 20 процентов расходов на строительство теплиц. Главный поставщик помидоров и многих других овощей в Россию — Азербайджан. На него приходится около 30 процентов поставок, отмечают аналитики. Также отечественные торговые сети и рынки закупают томаты в Китае, Марокко, Иране и Белоруссии. | 2
|Минимальная розничная цена шампанского в 2019 году может вырасти на 23 процента, пишут «Известия» со ссылкой на расчеты Ассоциации производителей игристых вин (АПИВ). По данным организации, минимальная розничная цена бутылки шампанского объемом 0,75 литра в следующем году может составить 202 рубля. На данный момент она равняется 164 рублям — на таком уровне она была установлена в 2016 году. Подорожание связывают с повышением НДС, который с января увеличится с 18 до 20 процентов. С учетом этого, а также величины акцизов и различных наценок продавцов цену в 202 рубля в АПИВ считают справедливой. Свои пожелания и расчеты организация уже направила в Минфин. В самом министерстве при этом говорят, что окончательного решения пока не принято. По мнению производителей, шампанское не должно быть слишком дешевым и доступным напитком. Минимальная цена в любом случае должна превышать нынешнюю и не может быть ниже 180 рублей. Сейчас, по данным АПИВ, средняя цена бутылки шампанского в России равняется 511 рублям.| 2
|Ученые Гарвардской медицинской школы (США) раскрыли механизм старения иммунной системы, из-за которого пожилые люди подвержены большому риску осложнений от инфекционных заболеваний. Об этом сообщается в пресс-релизе на MedicalXpress. Исследователи провели эксперименты на мышах и обнаружили, что в организме старых грызунов наблюдается дефицит Т-клеток (Т-лимфоцитов), которые атакуют возбудителей болезни, а также участвуют в формировании иммунологической памяти. Специалисты симулировали сигналы, которые предупреждают защитную систему о проникновении патогенов, чтобы активировать Т-клетки, однако у пожилых животных функции лимфоцитов были ослаблены. В частности, клетки росли медленнее, выделяли мало сигнальных молекул и быстро гибли. Ученые определили, что в Т-клетках старых грызунов наблюдается недостаточная активность метаболического пути, называемого метаболизмом одноуглеродных фрагментов. Он представляет собой серию биохимических реакций, которые протекают в митохондриях и цитозоле клеток. В ходе этого процесса образуются аминокислоты и нуклеотиды, которые являются строительными блоками белков и ДНК, соответственно. С помощью метаболизма одноуглеродных фрагментов Т-лимфоциты восстанавливают себя и делятся. Исследователи добавили в клетки два компонента одноуглеродного метаболизма, включая формиат и глицин. Это позволило Т-клеткам усилить пролиферацию и снизить риск гибели.| 1
|Москва не будет связана никакими обязательствами по Договору о ликвидации ракет средней и малой дальности (ДРСМД), если из него выйдут США. Об этом РИА Новости заявил директор Департамента по вопросам нераспространения и контроля над вооружениями МИД России Владимир Ермаков. По его словам, американская сторона должна понять, что соглашение перестанет действовать при выходе из него Вашингтона. В этом случае «ответственность за слом одной из основ стратегической стабильности ложится на Соединенные Штаты», указал он. Ермаков также заявил, что ни о каких односторонних инспекциях по ДРСМД на территории России не может быть и речи. Он отметил, что любые подобные действия «возможны только на базе взаимных юридически обязывающих межправительственных договоренностей». «США (...) стараются ввести какую-то собственную им только ведомую "опору на правила". Естественно, они предполагают, что такие "правила" будут писаться в Вашингтоне, — подчеркнул дипломат. — Мы с таким подходом не согласны». В МИД также рассказали, что если США хотят о чем-либо договариваться, то это нужно делать за столом переговоров. «Мы к этому готовы», — добавил директор департамента. 4 декабря госсекретарь США Майк Помпео заявил, что если Россия не вернется к исполнению ДРСМД в течение 60 дней, то Вашингтон сначала приостановит его действие, а затем начнет процедуру выхода. В МИД России указали, что Вашингтон так и не пояснил, что вкладывают в понятие «приостановка». 20 октября президент США Дональд Трамп объявил о выходе своей страны из Договора РСМД. По его словам, Вашингтон был вынужден пойти на подобный шаг, так как Москва нарушает данное соглашение. Американский лидер добавил, что допускает заключение новой сделки с Россией и Китаем. ДРСМД не разрешает сторонам иметь баллистические ракеты наземного базирования и крылатые ракеты с дальностью от 500 до 5,5 тысячи километров. Документ был подписан в 1987 году генеральным секретарем ЦК КПСС Михаилом Горбачевым и президентом США Рональдом Рейганом. Москва и Вашингтон регулярно обвиняют друг друга в нарушении его условий.| 0
|Результаты исследований образцов герметика и микрометеоритной защиты, отобранных с обшивки бытового отсека корабля «Союз МС-09», могут быть засекречены, сообщил "Интерфаксу" информированный источник в космической отрасли. Образцы, которые были взяты российскими космонавтами во время выхода в открытый космос, будут отправлены на Землю, где их в течение недели изучит команда криминалистов ФСБ. Эксперты намерены выяснить, что стало причиной появления отверстия в обшивке корабля «Союз МС-09». Отмечалось, что космонавтам, которые отрезали части обшивки, удалось собрать достаточно информации, необходимой для установления обстоятельств возникновения дырки. Слова о том, что результаты расследования могут засекретить, агентству подтвердил другой источник в отрасли. В настоящий момент элементы защиты корабля хранятся на МКС. Криминалисты ФСБ сначала получат фотографии частей обшивки, а потом и сами элементы. Согласно данным агентства, в ракетно-космической отрасли «нет лабораторий с достаточным уровнем компетенций и технического оснащения для проведения таких исследований». Космонавты Олег Кононенко и Сергей Прокопьев обследовали внешнюю поверхность «Союза МС-09» в середине декабря. Космонавты вскрыли теплоизоляцию и панель противометеоритной защиты в предполагаемом месте прорыва, откуда в августе произошла утечка воздуха, а также осмотрели и сфотографировали отверстие в бытовом отсеке. | 1
|Россиянка Мария Бутина подвергалась истязаниям, находясь в тюрьме в США. Об этом заявил глава МИД России Сергей Лавров, сообщает РИА Новости. «Она находится в тяжелейших условиях. Уже много-много месяцев, по сути, к ней применяются своеобразные пытки (…). У меня есть основания полагать, что цель этих условий, которые ей были созданы, заключалась в том, чтобы сломать ее волю и вынудить ее, по сути дела, признаться в том, чего она, скорее всего, не совершала», — рассказал Лавров. Министр подчеркнул, что накануне суда российские дипломаты посещали Бутину и подтвердили, что она содержится в очень суровых условиях. Он добавил, что на сделку с американским правосудием россиянка пошла только ради того, чтобы быстрее освободиться. Лавров заявил, что Бутина может и дальше рассчитывать на поддержку России. «Мы будем делать все, чтобы права нашей гражданки были обеспечены и чтобы она как можно скорее вернулась домой», — сказал он. По обвинению в заговоре с целью ведения деятельности в пользу иностранного государства Бутиной может грозить тюремный срок длиной в полгода или штраф размером в 250 тысяч долларов. Максимальный срок наказания по этой статье составляет пять лет. 13 декабря стало известно о том, что Бутина частично признала свою вину в заговоре против США. Она пошла на сделку со следствием, отказалась от права на проведение судебного процесса и обжалование решения судьи после признания. Девушка добавила, что приняла решение без давления. В ноябре сообщалось, что ее изолировали от остальных заключенных без объяснения причин. Мария Бутина была задержана 15 июля. Ее обвиняют в работе иностранным агентом на территории США. Американская сторона заявляет, что девушка пыталась повлиять на главных спонсоров Республиканской партии для продвижения российских интересов. | 0
|Заявление главы Чеченской Республики Рамзана Кадырова о недостатке денег и излишнем внимании к региону является нормальным явлением. Об этом в пятницу, 14 декабря, сообщил Дмитрий Песков, пресс-секретарь президента России Владимира Путина, пишет РБК. «Главы регионов, общаясь с главой государства, часто поднимают вопрос о необходимости увеличения финансирования тех или иных объектов на территории их субъектов. То же самое происходит и в Чеченской Республике, это нормальный вопрос развития. Всегда не хватает денег», — заявил Песков. 13 декабря Кадыров прокомментировал отчет Счетной палаты относительно эффективности исполнения федеральной целевой программы (ФЦП) по развитию Северного Кавказа. «Если бы по программе нам необходимые средства выделили — мы сделали бы больше. И еще больше, если бы нам не мешали», — заявил он. Глава Чечни отметил, что правительство сократило ФЦП в регионе. Кроме того, по его словам, мешало излишнее внимание к его деятельности, бывшего «воина с автоматом». Кадыров подчеркнул, что доверие российского лидера помогало ему работать. В декабре Счетная палата признала работу по развитию Северного Кавказа неудовлетворительной. В ведомстве отметили, что ни одна из целей создания «Корпорации по развитию Северного Кавказа» не достигнута, а сумма убытков от деятельности составила около трех миллиардов рублей. При этом республиканский бюджет по-прежнему значительно зависит от дотаций федерального центра — в 2017 году Чечне выделили 27,08 миллиарда рублей.| 0
|Кремль по-прежнему считает все обвинения со стороны США в адрес россиянки Марии Бутиной абсолютно необоснованными, заявил пресс-секретарь президента России Дмитрий Песков, комментируя ее признательные показания. Его цитирует ТАСС в пятницу, 14 декабря. «Все остальное — это уже вопрос судебного разбирательства в США и вопрос защиты Бутиной, который на данной стадии мы не хотим комментировать», — сказал представитель Кремля. Накануне Бутина частично признала свою вину. По словам прокурора, Бутина стремилась установить неофициальные связи с влиятельными американцами. По данным NBC News, Бутиной грозит лишение свободы сроком до полугода. После отбытия наказания она может быть депортирована из страны. РИА Новости не исключает, что россиянка отделается штрафом в размере 250 тысяч долларов. Агентство также указывает, что Бутина пошла на сделку со следствием без давления. По данным российского МИД, в американской тюрьме Бутина подвергалась пыткам. Глава ведомства Сергей Лавров подчеркнул, что россиянка находится в очень тяжелых условиях. Бутину задержали в Вашингтоне 15 июля. Американская сторона считает, что россиянка взаимодействовала со спонсорами Республиканской партии в интересах РФ.| 0
|Группа ученых Института эволюционной антропологии Общества Макса Планка (Германия) выяснила, что неандертальские гены влияют на форму человеческого черепа, делая ее чуть более вытянутой. Об этом сообщается в пресс-релизе на Phys.org. Известно, что у неандертальцев, которые являлись одними из ближайших родственников современного человека, черепа были вытянутой формы, что характерно для менее развитых приматов, а не для Homo sapiens, у которых череп более шарообразный. Считается, что это отличие отражает эволюционные изменения в обеих группах гоминини и указывает на возможные особенности в организации мягких тканей мозга. Исследователи проанализировали окаменелые черепа древних и современных людей, последовательности генома неандертальцев и Homo sapiens, а также изображения мозга. Это позволило им определить гены, влияющие на формирование круглого черепа. Оказалось, что среди людей наблюдаются значительные различия в форме черепной коробки. При этом обладатели более вытянутых черепов имели фрагменты неандертальской ДНК на хромосомах 1 и 18. Показано, что эта ДНК связана с активностью генов UBR4 и PHLPP1, влияющих на такие процессы развития мозга, как миелинизация нейронов и нейрогенез. Их влияние ярче всего прослеживалось в таких структурах, как скорлупа (базальное ядро в составе переднего мозга) и мозжечок. Эти области отвечают за координацию движений и когнитивные функции, включая память, внимание, планирование и, возможно, эволюцию языка и речи.| 1
|Банк России принял решение повысить ключевую ставку на 0,25 процентных пункта, до 7,75 процента годовых. Об этом говорится в сообщении регулятора. Регулятор повышает ставку уже второй раз за год. Повышение ставки в декабре «носит упреждающий характер» и направлено на ограничение рисков от роста инфляции в краткосрочной перспективе, вызванного в том числе ростом цен и предстоящего повышения налога на добавленную стоимость (НДС) до 20 процентов. «Повышение ключевой ставки позволит предотвратить устойчивое закрепление инфляции на уровне, существенно превышающем цель Банка России», — говорится в релизе регулятора, который прогнозирует, что инфляция по итогам 2018 года будет находиться на уровне 4 процентов. «Продолжается подстройка цен к произошедшему с начала года ослаблению рубля. На темпах роста потребительских цен уже начинает сказываться предстоящее с 1 января 2019 года повышение НДС», — говорится в сообщении регулятора. Многие аналитики полагали, что ЦБ не будет повышать ставку, так как веских причин на то нет, однако регулятор принял решение «нанести упреждающий удар». Следующее заседание регулятора пройдет 8 февраля 2019 года. На прошлом заседании совета директоров Банка России, которое прошло 14 сентября, регулятор так же поднял ставку на 0,25 процентных пункта.| 2
|Астрономы Университета Джонса Хопкинса (США) обнаружили экзопланету GJ 3470b размером с Нептун, которая находится слишком близко к родительской звезде и испаряется с рекордной скоростью. Об этом сообщается в пресс-релизе на Phys.org. GJ 3470b находится на расстоянии 96 световых лет от Земли и вращается вокруг красной карликовой звезды. Ее нашли в рамках исследовательской программы Panchromatic Comparative Exoplanet Treasury (PanCET), целью которой является наблюдение атмосферы экзопланет в ультрафиолетовых, оптических и инфракрасных лучах. С помощью Hubble Space Telescope астрономы обнаружили, что GJ 3470b потеряла значительную часть атмосферы и продолжает терять ее в сто раз быстрее, чем другая подобная планета — GJ 436b. Экзопланеты класса горячий нептун встречаются реже, чем горячие юпитеры, скалистые планеты и суперземли. Считается, что это связано с тем, что эти небесные тела образуются слишком близко к звезде, что приводит к испарению атмосферы. В результате от такой планеты остается только ядро. Небольшая плотность GJ 3470b делает ее неспособной удержать нагретую атмосферу. Значительные объемы газа улетучились всего лишь за два миллиарда лет, в то время как GJ 436b медленно испаряется за 4-8 миллиардов лет. Это связано с более сильной радиацией, испускаемой родительской звездой. По оценкам, GJ 3470b потеряла уже 35 процентов своей массы, а полностью процесс испарения завершится через несколько миллиардов лет.| 1
|Российские стратегические ракетоносцы Ту-160 не имеют аналогов в Соединенных Штатах и других странах НАТО. Об этом сообщил официальный представитель Минобороны РФ генерал-майор Игорь Конашенков в ответ на заявление американского посла в Колумбии Кевина Уитакера, передает агентство РИА Новости. «В российском военном ведомстве не удивлены дилетантским заявлением представителей госдепартамента США о стратегических ракетоносцах Ту-160 на фоне молчания профессиональных экспертов из Пентагона», — заявил Конашенков. Он напомнил, что самолеты этой модели не имеют аналогов в мире по скорости, боевой нагрузке, дальности применения и защите от средств противовоздушной обороны. «А с учетом начавшегося производства модернизированной версии стратегического ракетоносца Ту-160М2 данные преимущества только возросли», — добавил Конашенков. Конашенков также отметил, что сравнивать ракетоносец с музейным экспонатом стоит разве что «исключительно для восхищения этим шедевром отечественной инженерной мысли в области авиастроения на зависть российским недоброжелателям». Посол США в Колумбии Кевин Уитакер ранее назвал прибывшие в Венесуэлу российские самолеты «музейными экспонатами». 10 декабря из России в Венесуэлу прибыли два стратегических ракетоносца Ту-160, тяжелый военный транспортный самолет Ан-124 и дальнемагистральный самолет Ил-62 российских воздушно-космических сил. Госсекретарь США Майк Помпео назвал случившееся «разбазариванием государственных средств». В Москве ответили, что на военный бюджет США «можно прокормить Африку».| 0
|Президент России Владимир Путин планирует встретиться со своим белорусским коллегой Александром Лукашенко 25 декабря, сообщил официальный представитель Кремля Дмитрий Песков. Его в пятницу, 14 декабря, цитирует ТАСС. Ранее в пятницу о планах провести переговоры с Путиным в Москве сообщил сам Лукашенко. Также в ходе пресс-конференции для российских журналистов президент Белоруссии осудил моральный облик украинских военных, действующих в Донбассе. По его словам, недавно он говорил об этой проблеме с Путиным. Лукашенко считает, что среди украинских военнослужащих есть «отмороженные нацмены». Белорусский лидер в очередной раз выразил уверенность в том, что проблемы юго-восточной части Украины должны решать только Россия, Украина и Белоруссия. Евросоюз, по его мнению, не следует допускать к урегулированию ситуации. Путин и Лукашенко встречались в Сочи 21 сентября. Лукашенко назвал состоявшиеся переговоры тяжелыми.| 0
|Парламент Косово проголосовал за создание регулярной тяжеловооруженной армии силой в пять тысяч человек, несмотря на то, что такая мера, по словам премьер-министра Сербии Аны Брнабич, может спровоцировать военное вторжение со стороны Белграда. Об этом сообщает агентство Reuters. Легковооруженные силы безопасности Косово превратят в полноценную армию — это решение поддержали 105 из 120 депутатов парламента. Голосование бойкотировали представители сербского меньшинства республики — по их мнению, армия поможет властям Косово выдавить остатки сербского населения. Создание косовской армии осудили в НАТО. «Мне жаль, что это решение было принято, невзирая на обеспокоенность НАТО, — заявил генеральный секретарь альянса Йенс Столтенберг. — Североатлантический Альянс пересмотрит уровень сотрудничества с Силами безопасности Косово». Силы безопасности Косово были созданы в январе 2009 года, спустя чуть менее года после провозглашения независимости республики. Их задействовали в ограниченном числе миссий для оказания помощи международным силам под руководством НАТО. При этом сохранение суверенитета Косово не входило в задачи СБК, а военную форму и машины им жертвовали США. Как пишет Reuters, на данный момент в республике остается около четырех тысяч миротворцев НАТО. В конце октября сообщалось, что власти Косово готовы выделить 300 миллионов евро на закупку вооружения для будущей армии. В конце сентября президент Сербии Александр Вучич привел армию страны в состояние боевой готовности из-за обострения ситуации на севере Косово. Позже, в начале октября, на встрече с российским лидером Владимиром Путиным в Москве Вучич пожаловался на многочисленные провокации, с которыми сталкивается официальный Белград. В 2008 году Косово провозгласило независимость от Сербии, однако Белград отказался это признать. Переговоры между сторонами прекратились в марте 2017 года.| 0
|Сторонники Brexit в желтых жилетах перекрыли Вестминстерский мост в Лондоне. Видео протеста опубликовал в своем Twitter-аккаунте местный житель Майк Сазерленд. Там же он рассказал, что на место митинга подъехала полиция и разняла драку одного из протестующих с прохожим. Мужчина уточнил, что сам не является участником выступления и голосовал против Brexit. Премьер-министр Великобритании Тереза Мэй ранее отложила парламентское голосование по этому вопросу из-за того, что на повестке остался статус Северной Ирландии как особой экономической зоны с более прочными связями с ЕС. 10 декабря Европейский суд постановил, что Британия имеет право отменить процесс выхода из Евросоюза в одностороннем порядке. Переговоры Лондона и Брюсселя о выходе Великобритании из ЕС начались летом 2017 года. Это произошло после того, как в 2016 году в Соединенном Королевстве на референдуме победу с результатом в 51,9 процента одержали противники евроинтеграции. Шотландские избиратели в основном выступили против выхода из ЕС.| 0
|Сенат США проголосовал за резолюцию, предписывающую прекратить военную помощь коалиции, возглавляемой Саудовской Аравией, в гражданской войне в Йемене. Об этом сообщило агентство Reuters. За это решение проголосовали 56 сенаторов, против — 41. На сторону демократов в этом вопросе встало семеро сенаторов-республиканцев. Это первый случай, когда какая-либо палата Конгресса использует принятую в 1973 году резолюцию о военных полномочиях, ограничивающую возможности президента США по использованию войск без согласования с парламентом. Кроме того, нижняя палата американского парламента приняла еще одну резолюцию против Саудовской Аравии: она официально обвиняет наследного принца Мухаммеда бин Салмана в убийстве журналиста Джамаля Хашкуджи и требует, чтобы королевство понесло ответственность за это преступление на международном уровне. Как пишет агентство, обе резолюции носят скорее символический характер: сторонники президента Дональда Трампа в палате представителей, верхней палате парламента США уже приняли необходимые меры для того, чтобы заблокировать любые инициативы, направленные против Саудовской Аравии. В сентябре Испания расторгла контракт на поставку Саудовской Аравии 400 высокоточных авиабомб, чтобы эти боеприпасы не были использованы в конфликте в Йемене. Джамаль Хашкуджи пропал 2 октября на территории консульства Саудовской Аравии в Турции. Власти признали смерть журналиста лишь через 18 дней после его гибели. Преступление связывали с наследным принцем Мухаммедом бин Салманом аль-Саудом. Глава МИД Саудовской Аравии заверил, что кронпринц, с которым журналисты связывают 15 подозреваемых в убийстве, не был в курсе операции.| 0
|Европейская компания Arianespace отказалась от предложения «Роскосмоса» запустить в 2019 году два спутника OneWeb с космодрома Восточный. Об этом сообщил РИА Новости источник в ракетно-космической отрасли. «На 2019 год был такой план по программе OneWeb: два пуска с космодрома Куру во Французской Гвиане в первом и четвертом кварталах и четыре пуска с космодрома Байконур — один в третьем и три в четвертом кварталах», — сказал источник. По его словам, российская сторона предлагала европейской перенести два пуска с Байконура на Восточный, однако Arianespace отказалась от этого. «Пусковой оператор объяснил, что дорого менять запланированную ранее схему доставки аппаратов на Байконур», — пояснил источник. В настоящее время запуск первых спутников OneWeb на российской ракете «Союз-СТ» с космодрома Куру (Французская Гвиана) запланирован на февраль. В июне 2015 года сообщалось, что Восточный будет задействован для запусков иностранных спутников связи в рамках контракта между «Роскосмосом», Arianspace и OneWeb. Тогда же компании Arianespace и OneWeb объявили о заключении контракта на запуск космических аппаратов спутниковой связи OneWeb. Соглашение предусматривает покупку у России 21 ракеты-носителя «Союз», которые в период с 2017 по 2019 год должны вывести на околоземную орбиту 672 спутника. Arianespace является старейшей в мире компанией, осуществляющей коммерческие запуски искусственных околоземных спутников. Фирма создана при поддержке 21 акционера и Европейского космического агентства. В парке Arianespace имеются тяжелые ракеты Ariane 5, средние «Союз-СТ-Б» и легкие Vega. Кроме постепенного отказа от российских «Союз-СТ-Б», компания также планирует избавиться от украинских комплектующих в Vega. С 2016 по 2018 год с Восточного было проведено три пуска ракет «Союз-2.1», из которых один оказался неудачным. Ближайший пуск с дальневосточного космодрома запланирован на 27 декабря, когда ракета «Союз-2.1а» с разгонным блоком «Фрегат» должна вывести в космос российские космические аппараты «Канопус-В» №5 и №6, а также в качестве попутной нагрузки несколько иностранных спутников.| 1
|Статую лидера индийского национально-освободительного движения Индии Махатмы Ганди на территории Университета Ганы в Аккре демонтировали. Причиной стали протесты студентов, которые заявили, что индиец считал африканцев людьми низшего сорта. Об этом сообщает The Guardian. Споры вокруг целесообразности установки монумента шли на протяжении двух лет. В итоге ночью 12 декабря статую убрали, оставив пустой постамент на месте. Кто именно демонтировал фигуру, газета не уточнила. Студенты положительно отнеслись к исчезновению статуи Ганди из кампуса. «Это большая победа для ганцев, потому что эта статуя постоянно напоминала нам о нашей никчемности», — сказал один из учащихся. Глава одной из кафедр Института африканских исследований Обадель Камбон назвал демонтаж монумента вопросом самоуважения. В 2015 году в Южноафриканской Республике вышла книга, в которой отмечалось пренебрежительное отношение Ганди к африканцам. В частности, там говорилось, что он сетовал на то, что индийцев заставляют пользоваться отдельными входами в здания, как чернокожих при апартеиде. В то же время некоторые студенты Университета Ганы не считают позицию индийца оскорбительной. По их мнению, его взгляды были обусловлены эпохой, в которой он жил.| 0
|Северная Корея назвала южнокорейских политиков сворой собак, дерущихся в глине, а также окрестила их «никуда не годной злокачественной опухолью и мусором эпохи». Об этом говорится в распространенном комментарии Центрального телеграфного агентства Кореи (ЦТАК). В Пхеньяне считают, что в Консервативной партии Южной Кореи отношения между фракциями заметно ухудшились. «Борьба внутри партии, в том числе между сворой "про Пак", сворой "против Пак" и нейтральной группой, за захват власти партии и "большое объединение консервативных сил" напоминает ожесточенный бой собак в глине», — отмечается в сообщении. В преддверии парламентских выборов 2020 года «консервативная свора опять беснуется в схватке за власть, (...) рычит перед костью — властью партии, и дракой совершает сумасбродство», передает ЦТАК. В Северной Корее сомневаются, что поведение южнокорейских политиков является «работой по специальности». «Такая фракционная борьба является дракой, которая обычно бывает в разорившемся доме, — отмечают авторы сообщения. — Поговорка гласит: в погибающем доме часто бывает драка». Речь в комментарии идет о «Свободной Корее» — оппозиционной консервативной политической партии правого толка в Республике Корея. Пак Кын Хе, дочь президента Пак Чон Хи, прославившегося своими экономическими реформами в 1960-1970-х годах, стала кандидатом в президенты от партии на выборах 2012 года и одержала победу. В 2017-м она была арестована по подозрению в коррупции, а затем приговорена к 24 годам тюрьмы. | 0
|Власти США обвинили 57-летнего россиянина Леонида Тейфа во взятках, подкупе, организации заказного убийства и других преступлениях. Об этом сообщает Associated Press. Тейф был заместителем директора ОАО «Военторг», которое оказывает услуги Министерству обороны России. Следствие считает, что соучастниками Тейфа были еще четверо граждан России: его жена Татьяна Тейф, их домохозяйка Олеся Тимофеева с мужем, а также Алексей Поляков. По версии прокуратуры, на посту замглавы «Военторга» Тейф незаконным путем получил более 150 миллионов долларов. Мужчина получал заказы на товары и услуги от Минобороны, находил подрядчиков и требовал от них часть суммы, которую им выплачивали за выполнение договора. Тейф и его жена открыли более 70 счетов в банках США, на которые выводили полученные средства. Также Тейфа обвиняют в попытке подкупа и организации заказного убийства. Россиянин заподозрил, что жена изменяет ему с сыном домохозяйки Тимофеевой, и решил заплатить сотруднику внутренней безопасности США 25 тысяч долларов за арест и депортацию любовника в Россию. После выплаты части суммы Тейф передумал и нанял киллера, чтобы устранить сына Тимофеевой. Заказ нужно было выполнить до конца 2018 года. Тейфу грозит 20 лет тюрьмы, его супруге и остальным обвиняемым — 10 лет лишения свободы. После отбытия срока заключения их могут выслать из США.| 3
|Тереза Мэй выиграла голосование по вопросу о доверии в связи с выходом страны из Евросоюза (Brexit) и осталась на посту премьер-министра Великобритании. Об этом сообщает Reuters. В ходе тайного голосования Мэй поддержали большинство депутатов-консерваторов. За действующего премьера проголосовали 200 из них, 117 высказались против. Однако лидер Лейбористской партии Джереми Корбин заявил, что результаты голосования не имеют значения, так как Мэй потеряла поддержку большинства в парламенте. «Ее правительство пребывает в состоянии хаоса, а сама она не может согласовать план выхода из Евросоюза, который бы подошел для страны и в приоритете которого были бы рабочие места британцев и британская экономика», — сказал он. 12 декабря стало известно, что был преодолен порог заявлений от парламентариев-консерваторов, необходимый для проведения голосования по вопросу о доверии премьер-министру. Мэй,  в свою очередь, заявила, что смещать ее с поста будет не в интересах страны. Переговоры Лондона и Брюсселя о выходе Великобритании из ЕС начались летом 2017 года. Это произошло после того, как в 2016 году в Соединенном Королевстве на референдуме победу с результатом в 51,9 процента одержали противники евроинтеграции.| 0
|Появилось видео с места нападения на полицейских в Ингушетии. Кадры опубликовал в Facebook местный житель Муса Абадиев. Взрыв произошел в среду, 12 декабря, около 18:00 в торговом центре на улице Картоева в Назрани. По информации правоохранителей, полицейские хотели проверить документы у подозрительных граждан, однако те попытались скрыться и бросили в патруль гранату. По последним данным, оба сотрудника полиции были госпитализированы. Одному из них делают операцию, второй находится в сознании. Глава Ингушетии Юнус-Бек Евкуров сообщил, что личности мужчин, напавших на силовиков, установлены, передает РИА Новости.| 3
|Проект федеральной целевой программы по созданию сверхтяжелой ракеты и беспилотному облету Луны предварительно оценивается в 1,5 триллиона рублей. Об этом сообщает РИА Новости со ссылкой на источники в ракетно-космической отрасли. К 15 января «Роскосмос» должен представить проект на согласование федеральным органам власти. Речь идет о программе на сроки 2020-2030 годы с прописанными суммами. По информации агентства, создание космического аппарата или корабля, который будет запускаться, будет финансироваться по другой программе. Летом 2018 года сообщалось, что Казахстан в рамках сотрудничества с Россией на космодроме Байконур примет участие в разработке сверхтяжелой ракеты. По словам главы «Роскосмоса» Дмитрия Рогозина, российская сверхтяжелая ракета будет запущена с космодрома Восточный в 2027 году. Однако глава научно-технического совета «Роскосмоса» Юрий Коптев ранее объявлял, что российскую сверхтяжелую ракету запустят в 2028 году. Тогда же объявлялось, что на ее создание и строительство инфраструктуры на космодроме Восточный потребуется 1,5 триллиона рублей.| 1
|В Южноафриканской Республике двух мужчин осудили на пожизненный срок за убийство, сообщает The Guardian. Их также обвиняли в каннибализме. Народный целитель Нино Мбата и его подельник Лунгисани Магубани признаны виновными в убийстве Зенеле Хлатшвайо. Мбату арестовали после того, он сам явился в полицейский участок. Он принес с собой пакет с человеческими останками и заявил, что «устал есть человечину». Сначала полиция отказалась верить, что в пакете настоящие руки и ноги, однако мужчина привел их к себе домой, где стражи порядка нашли остальные части тела убитого. Всего по делу были арестованы семь человек. В день вынесения приговора местные жители собрались у здания суда в знак протеста из-за «варварского убийства». В законе республики нет уголовной статьи, предусматривающей наказание непосредственно за каннибализм. Однако расчленение тела и хранение человеческих останков считаются уголовным деянием.| 3
|Группа ученых из Великобритании и ЮАР пришла к выводу, что самым характерным признаком антропоцена являются цыплята бройлеры. Об этом сообщается в пресс-релизе на Phys.org. Антропоценом неофициально называют геологическую эпоху, начавшуюся в 40-50-х годах XX века, в которую человеческая активность влияет на состояние биосферы. Она характеризуется изменением климата, вымиранием многих видов живых организмов, а также появлением в окружающей среде синтетических веществ. Однако исследователи считают, что одним из самых заметных проявлений антропоцена является выращивание цыплят бройлеров, чья численность составляет 23 миллиарда особей. При этом представителей самой распространенной дикой птицы — красноклювого ткача — насчитывается лишь 1,5 миллиарда. Таким образом, общая масса цыплят бройлеров превышает общую массу всех других птиц. При этом цыплята не способны жить и размножаться в дикой среде. Кроме того, многие бройлеры не способны дожить до взрослого возраста, поскольку их мясные части достигают чрезмерных размеров. Поэтому почти все особи употребляются в пищу, а их кости утилизируются на свалках преимущественно в бескислородной среде, что способствует их будущему превращению в окаменелости. По мнению ученых, если современная цивилизация исчезнет в результате катаклизма, ядерной войны или изменения климата, археологи далекого будущего найдут в геологических отложениях, датированных нашей эпохой, огромное количество куриных костей. Другими характерными признаками могут стать пластик и радиационные загрязнения. | 1
|Раскрыты подробности содержания в тюрьме россиянки Марии Бутиной, арестованной в США по обвинению в заговоре с целью ведения деятельности в пользу иностранного государства. Американец Кевин Бриггс, сидевший с ней в одной тюрьме, поделился воспоминаниями с «Коммерсантъ FM». По его словам, с женщиной обращались хорошо, ее не заставляли делать то, что она не хочет. «У нее были все привилегии: она ходила в церковь, посещала какие-то занятия. С ней не было никаких проблем», — рассказал он. Бриггс поведал, что главным развлечением в тюрьме являются книги, которые выдают в местной библиотеке, и кабельное телевидение. Телевизор заключенным можно смотреть с 09:00 до 23:00, в это же время можно позвонить родным. Отмечается, что все разговоры записываются и могут быть использованы в суде. В течение дня охрана трижды пересчитывает заключенных, в это время необходимо вернуться в камеру. Проверка занимает около часа. В самих камерах, кроме кровати и туалета, ничего нет. По информации американца, охрана не применяет насилие к заключенным, если те не нападут первыми. В наказание за проступки могут отправить в камеру или запретить звонить родным и смотреть телевизор. Ранее 13 декабря представитель российского МИД Мария Захарова заявила, что россиянка подвергается пыткам в американской тюрьме, передавало РИА Новости. Она назвала американскую исправительную систему средневековой инквизицией и сообщила, что россиянку запугивают, пытают и обращаются с ней не по-человечески. «Я думаю, что с ней обращались как с террористом, что-то в этом роде», — сказала Захарова. Она также отметила, что дело связано с отношениями России и США и было возбуждено сразу после встречи лидеров государств, что указывает на политический подтекст следствия. Ранее сообщалось, что Бутина готова пойти на сделку с американскими властями и признать вину. Такую информацию, однако, опроверг отец обвиняемой,  заявив, что она не говорила ему, что считает себя виновной, и, вероятно, дала показания под давлением. «Коммерсантъ» также сообщал, что после известий о сотрудничестве с властями из дела в отношении Бутиной пропали обвинения в шпионаже. По информации газеты, Бутина взяла на себя ответственность только за нарушение законов США об иностранных агентах. Теперь ей может грозить до шести месяцев заключения и депортация. Марию Бутину задержали 15 июля. Ее обвиняют «в участии в заговоре с целью ведения деятельности в пользу иностранного государства на территории США», а также в ведении деятельности без регистрации при Министерстве юстиции США в качестве агента иностранного государства. Американская сторона считает, что россиянка пыталась повлиять на главных спонсоров Республиканской партии для продвижения интересов Москвы.| 0
|Россия объявила персоной нон грата словацкого военного дипломата, передает  ТАСС в четверг, 13 декабря. Мужчина должен покинуть Россию в течение двух суток, сообщила представитель российского МИД Мария Захарова. «Послу Словакии в Москве 11 декабря была вручена соответствующая нота», — сказала она. Такие меры были приняты в ответ на высылку российского дипломата из Словакии 22 ноября. Мужчину обвинили в шпионаже и также дали 48 часов на то, чтобы покинуть страну. 6 декабря сообщалось, что британская разведывательная служба MI5 призвала сотрудников спецслужб и военных повысить бдительность в отношении российских дипломатов на территории страны. Сотрудников обязали отслеживать все перемещения россиян, фиксировать их номера и число людей в салоне при каждой поездке.| 0
|Китайские власти задержали двух канадцев после ареста гендиректора компании Huawei Мэн Ваньчжоу в Ванкувере по запросу США. Как пишет CNN, санкции Китая, вероятно, являются ответными мерами на действия Канады. 13 декабря стало известно о задержании Майкла Спэйвора, его подозревают в «ведении деятельности, угрожающей национальной безопасности Китая». В отношении Спэйвора ведется расследование, сообщали местные СМИ со ссылкой на полицию города Даньдун на северо-востоке страны. CNN передавал, что Спэйвор связался с канадским консульством и рассказал, что был задержан и допрошен, но позже перестал выходить на связь. Его местонахождение пока неизвестно. Спэйвор занимался организацией туристических поездок в Северную Корею. В частности, он помогал бывшему игроку национальной баскетбольной лиги Деннису Родману во время его путешествия в Пхеньян, где он встречался с главой КНДР Ким Чен Ыном. Новости о задержании Спэйвора появились спустя несколько дней после того, как стало известно о заключении под стражу Майкла Коврига, бывшего вице-консула посольства Канады в Пекине. Глава Министерства по внутренней безопасности и чрезвычайным ситуациям Канады Ральф Гудэйл выразил обеспокоенность задержанием бывшего дипломата, сообщал CTV News. По словам министра, Оттава пока не связывает произошедшее с арестом Мэн Ваньчжоу, однако логического объяснения действиям Китая министр также не видит. Отмечалось, что канадские власти уведомили о задержании, но не предоставили данных о точном местоположении Коврига. Задержания канадцев произошли на фоне скандала, связанного с арестом по запросу Вашингтона Мэн Ваньчжоу, дочери основателя и по совместительству гендиректора китайской телекоммуникационной компании Huawei. Ее подозревают в нарушении американских санкций в отношении Ирана. После известий об аресте в китайском МИД заявили, что Пекин «не собирается безучастно сидеть и наблюдать за нарушением законных прав китайских граждан за рубежом». Слова главы дипведомства КНР Ван И приводило РИА Новости. Президент США Дональд Трамп, в свою очередь, заявил, что готов вмешаться в дело Мэн Ваньчжоу, если от этого будет польза национальной безопасности страны и торговым переговорам с Китаем. По его словам, освобождение Мэн может стать частью сделки с Пекином. Как отмечал CNN, эти слова свидетельствуют о том, что Вашингтон готов использовать арест китаянки в качестве инструмента политического воздействия. 12 декабря Мэн Ваньчжоу выпустили под залог в размере 10 миллионов долларов, сообщал Global News.ca. С начала 2018 года между США и Китаем идет торговая война: страны повышают торговые пошлины на различные группы товаров. США уже ввели дополнительные таможенные пошлины на китайские товары на сумму в 250 миллиардов долларов. Китай ответил аналогичными пошлинами для американских товаров на сумму в 110 миллиардов долларов. Главы стран встретились и провели торговые переговоры во время саммита «Большой двадцатки» в Буэнос-Айресе; Пекин пошел на уступки Вашингтону.| 0
|«Нафтогаз Украины» обратился в американские суды с исками о принудительном взыскании долга с российского «Газпрома», заявил представитель украинской компании Юрий Витренко в своем Facebook. Так, в комментариях под постом он утвердительно ответил на уточняющий вопрос, подавала ли украинская сторона иски в суды Северного и Южного округов Техаса против компании Gazprom Marketing & Trading USA и консалтинговой компании DeGolyer & MacNaughton. Представитель «Нафтогаза» отметил, что речь идет не только о Техасе, и подчеркнул, что «США не последняя юрисдикция, где "Газпром" ждут проблемы». Ранее о том, что украинская компания пытается привлечь американские суды к разбирательству с «Газпромом», сообщала газета «Коммерсантъ». «Нафтогаз» пытается получить от российской стороны 2,7 миллиарда долларов — именно столько «Газпром» должен выплатить Украине, по решению Стокгольмского арбитража, за недопоставку газа по транзиту.| 2
|Ученые Университета Дьюка (США) обнаружили, что в городских водоемах все чаще возникают мертвые зоны, где содержание растворенного кислорода падает до опасного минимума. Это приводит к массовой гибели рыбы и других пресноводных организмов. Об этом сообщает издание Science Alert. Снижение концентрации кислорода в воде (это состояние называется гипоксией) происходит из-за того, что обилие питательных веществ в водах, загрязненных удобрениями и частицами почвы, приводит к массовому росту водорослей. Гибель и разложение последних является причиной истощения кислорода и гибели морских существ. В настоящее время исследователи все чаще обнаруживают мертвые зоны в океане. Например, резкое снижение кислорода было зарегистрировано в Оманском заливе (северо-запад Аравийского моря). Площадь мертвой зоны, где наблюдается гипоксия, сравнима с площадью Шотландии и продолжает расти. Район чрезмерной гипоксии также наблюдается и в Мексиканском заливе, его площадь в 4,6 раза превышает допустимый предел. Всего в мире насчитывается более 400 крупных мертвых зон. Их распространение является одним из ключевых механизмов массового вымирания в истории Земли. В новой работе ученые оценили концентрацию кислорода в шести городских водотоках в штате Северная Каролина в течение 18 месяцев. Оказалось, что из-за эрозионных процессов, вызванных человеческой деятельностью, сток уменьшается, в результате чего возникают застойные процессы. В стоячей воде увеличивается концентрация органических и питательных веществ, чье окисление уменьшает содержание кислорода. Исследователи наблюдали массовую гибель рыб в одном из таких водотоков.| 1
|Россия напомнила о требовании СССР вывести американские войска с территории Японии. Слова представителя российского МИД Марии Захаровой приводит РИА Новости. Согласно памятной записке от 27 января 1960 года, это требование должно учитываться в переговорах о заключении мирного договора между Москвой и Токио. По словам Захаровой, в ходе обсуждения условий стороны обсудят все вопросы, включая проблемы безопасности, и учтут всю имеющуюся дипломатическую переписку, в том числе записку 1960 года. Представитель российского МИД отметила, что даты консультаций представителей дипломатических ведомств Японии и России пока не определены. Согласование вопросов, связанных с началом мирных переговоров, продолжается. Ранее японский министр иностранных дел несколько раз проигнорировал вопросы журналистов о мирном договоре с Россией. Затем глава МИД пояснил, что хочет «тщательно подготовить атмосферу для переговоров». Министру напомнили, что его российский коллега Сергей Лавров, в отличие от него, активно комментирует российско-японские отношения. 7 декабря в ходе пресс-конференции по итогам заседания Совета министров иностранных дел ОБСЕ в Милане Лавров призвал Японию признать окончание войны. По его словам, это необходимая основа для обсуждения любых других проблем. Мирный договор между Россией и Японией не подписывается более 70 лет. Условием его заключения Токио называет возвращение островов Итуруп, Кунашир, Шикотан и Хабомаи. Москва считает, что Южные Курилы вошли в состав СССР по итогам Второй мировой войны, и суверенитет над ними сомнению не подлежит.| 0
|Пособники запрещенных в России террористических организаций «Исламское государство» (ИГ) и «Джабхат ан-Нусра» собирали деньги для боевиков под предлогом помощи жителям Африки. Об этом в четверг, 13 декабря, сообщает РИА Новости со ссылкой на источник в правоохранительных органах Дагестана. По его данным, подозреваемые вели сбор средств якобы на строительство колодцев в Африке, хотя на самом деле все средства направлялись террористам. Ранее сообщалось, что сотрудники ФСБ и Следственного комитета России задержали семерых россиян, финансировавших боевиков. По данным следствия, с 2010 года они перевели не менее 38 миллионов рублей на счета террористических организаций. Задержанные «финансисты» ИГ проживали в Москве, Московской области, Ингушетии, Дагестане и Чечне.| 3
|Минобороны России опубликовало видео, снятое во время полета российских стратегических ракетоносцев Ту-160 над акваторией Карибского моря. Ролик доступен на канале ведомства в YouTube. На видео, снятом из кабины самолета, можно увидеть пилотов и приборную панель, а также море и береговую линию. Кроме того, запечатлен процесс посадки ракетоносца в венесуэльском международном аэропорту Майкетия. Летчики преодолели более 10 тысяч километров, общее время полета составило чуть менее десяти часов. Как отметили в Минобороны, на некоторых этапах маршрута российские Ту-160 работали совместно с истребителями Су-30 и F-16 Национальной боливарианской военной авиации. В частности, они отработали взаимодействие при выполнении полетных заданий. 10 декабря из России в Венесуэлу прибыли два стратегических ракетоносца Ту-160, тяжелый военный транспортный самолет Ан-124 и дальнемагистральный самолет Ил-62 российских воздушно-космических сил. Отмечалось, что перелет осуществлялся в строгом соответствии с международными правилами использования воздушного пространства. Позднее госсекретарь США Майк Помпео назвал случившееся «разбазариванием государственных средств». Сверхзвуковой стратегический бомбардировщик-ракетоносец с изменяемой геометрией крыла Ту-160 является самым крупным, мощным и тяжелым боевым сверхзвуковым самолетом в мире.| 0
|Обнаруженная космонавтами Олегом Кононенко и Сергеем Прокопьевым в ходе выхода в открытый космос в отверстии пристыкованного к МКС пилотируемого корабля «Союз МС-09» затычка является марлевым тампоном, пропитанным герметиком. Об этом сообщил ТАСС источник в ракетно-космической отрасли. «Чтобы ликвидировать течь в "Союзе", в августе Прокопьев и Артемьев по указанию ЦУПа использовали марлевый тампон, пропитанный герметиком, который заложили в "дырку" изнутри корабля. Сейчас, во время выхода, когда они [Кононенко и Прокопьев] добрались до "дыры", конец этого тампона из отверстия и торчал», — сказал собеседник агентства. По его мнению, Кононенко не удалось захватить часть тампона, который разрушился, поскольку «за более чем три месяца из наружной части этой "заглушки" в вакууме полностью испарилась какая-либо жидкость, герметик и марля стали хрупкими». Источник добавил, что ворсинки, частицы пыли и вкрапления, обнаруженные возле отверстия космонавтами — часть «пробки», отошедшей от корабля при высыхании. Источник не исключил, что «на соскобах с металла вокруг отверстия найдутся следы старого герметика, которым было закрыто отверстие до разгерметизации в августе». Взятые в «Союзе МС-09» пробы и материалы передадут на химический анализ в ФСБ. Согласно агентству, в ракетно-космической отрасли «нет лабораторий с достаточным уровнем компетенций и технического оснащения для проведения таких исследований». Кононенко и Прокопьев обследовали внешнюю поверхность «Союза МС-09» в декабре. Космонавты вскрыли теплоизоляцию и панель противометеоритной защиты в предполагаемом месте прорыва, откуда в августе произошла утечка воздуха, а также осмотрели и сфотографировали отверстие в бытовом отсеке.| 1
|Президент России Владимир Путин заявил, что удовлетворен своим выбором профессии, однако его интересуют и другие направления. Об этом сообщает РИА Новости в четверг, 13 декабря. «Сегодня больше всего меня захватывает генетика и искусственный интеллект», — сказал Путин, выступая на открытом уроке «Направление прорыва» в Ярославле. Российский лидер не впервые принимает участие в подобном мероприятии. В сентябре прошлого года в ходе общения со школьниками Путин назвал искусственный интеллект будущим всего человечества. По его словам, роль мирового лидера сможет взять та страна, которая будет лучшей в создании искусственного разума. Президент заверил, что РФ будет делиться своими знаниями в этой области с другими странами. 21 сентября 2017 года Владимир Путин в ходе посещения московского офиса компании «Яндекс» пообщался с новой разработкой — голосовой помощницей «Алисой».| 0
|Украина готовит военное наступление под Мариуполем и провокацию на линии соприкосновения в Донбассе. Об этом заявила представитель МИД России Мария Захарова, передает РИА Новости. «К сожалению, тревожные новости из этого региона продолжают поступать. Согласно имеющейся информации, в ближайшие дни Киев намерен устроить вооруженную провокацию», — отметила дипломат на брифинге. По ее словам, украинские власти хотят воспользоваться введенным (в том числе Донецкой и Луганской областях) режимом военного положения для стремительного наступления на мариупольском направлении. Его целью должен стать «захват находящейся под контролем Донецка территории Приазовья и выхода на границу с Россией». В начале декабря президент Украины Петр Порошенко в интервью немецким журналистам заявил, что Россия хочет «расширить свою оккупацию Украины», а именно — захватить города Мариуполь и Бердянск, чтобы получить «наземный коридор» из Донбасса в Крым. Его заявление в Кремле назвали абсурдным. В конце ноября подразделения Вооруженных сил Украины (ВСУ), принимающие участие в операции объединенных сил (выражение ООС пришло на смену «антитеррористической операции в Донбассе»), были приведены в полную боевую готовность. Соответствующие меры были приняты в связи с инцидентом в Керченском проливе, где 25 ноября пограничники ФСБ задержали три украинских военных корабля после того, как они пересекли российскую границу, не реагировали на требование остановиться и начали опасные маневры. Российская сторона назвала произошедшее провокацией. В Киеве сочли задержание кораблей «актом военной агрессии» и приняли законопроект о введении в стране военного положения.| 0
|Президент России Владимир Путин призвал молодежь грамотно выбрать профессиональный путь, чтобы их знания помогли стране сохранить лидерство и получить новые компетенции для будущего развития. Соответствующее заявление он сделал на открытом уроке «Направление прорыва» в Ярославле. Видео с мероприятия доступно на сайте РИА Новости. «Найти себя в жизни — самое главное, это первый шаг к успеху. Если есть увлечение, будет обязательно и победа», — сказал глава государства. Способность «правильно применить мозги» позволит России сохранить лидирующие позиции, добавил он. В середине февраля Владимир Путин предложил запустить проект профессиональной ориентации учащихся старших классов. Российский лидер неоднократно отмечал важность осознанного выбора профессии. На открытом уроке прошлого года президент призвал школьников определяться с профессией как можно раньше. Он пояснил, что так у молодых людей будет «больше времени для совершенствования».| 0
|В Венгрии сотни людей вышли на акции протеста к парламенту из-за нового закона о труде, который окрестили рабским. Об этом сообщает BBC News в четверг, 13 декабря. Всего на улицах насчитали до двух тысяч протестующих, здание от них защищали несколько сотен полицейских. Сообщается, что стражи порядка использовали слезоточивый газ. В самом парламенте представители оппозиции также устроили беспорядки и заблокировали лестницы, чтобы прервать голосование по законопроекту. Недовольство вызвали не только новые трудовые регуляции. Оппозицию также возмутило второе голосование по вопросу о создании новой системы административных судов, контролируемых министерством юстиции. По мнению противников нововведения, такие инстанции не смогут принимать решения независимо. Как сообщает BBC News, из-за волнений спикеру парламента не удалось объявить о начале голосования с трибуны, вместо этого он сделал это из зала. Несмотря на протесты, законы были поддержаны большинством и приняты. Теперь, согласно новому закону о труде, компании смогут требовать от сотрудников до 400 часов переработок в год, при этом оплата дополнительного рабочего времени может откладываться на три года. По мнению правительства, такие меры помогут компенсировать недостаток рабочей силы в стране. Для этого также упростят бюрократические процедуры для тех, кто хочет работать больше положенного, объявил премьер-министр страны Виктор Орбан. С новыми мерами не согласны представители профсоюзов и оппозиция. До этого от сотрудников могли требовать максимум 250 сверхурочных часов в год. Виктор Орбан выступает за жесткий контроль миграции и усиление национальной целостности. Ранее Евросоюз обвинял его в нападках на СМИ, национальные меньшинства и попрекал за несоблюдение правовых норм, отмечает BBC News. Орбан, в свою очередь, называет действия Брюсселя шантажом и оскорблением Венгрии.| 0
|Президент России Владимир Путин спародировал своего предшественника Бориса Ельцина, рассказывая, как тот предложил ему стать преемником. Видео из выступления Путина на форуме «Проектория» в Ярославле опубликовано в Telegram-канале «Проект Сноб». Путин рассказал, что Ельцин вызвал его к себе и сообщил, что хочет представить в Госдуме его кандидатуру на пост премьер-министра, а потом собирается предложить ему идти на выборы президента. Ельцин спросил, согласен ли Путин, и тот ответил, что нет. «Он очень удивился, он был такой человек, своеобразный, [и говорит]: "Почему это"?» — сказал Путин, сымитировав интонацию Ельцина. По словам нынешнего главы государства, тогда он ответил, что не готов, хотя «уже был большой мальчик». В конце выступления Путин пожелал всем собравшимся быть готовыми как можно раньше принять ключевое решение в своей жизни.| 0
|Президент России Владимир Путин во время открытого урока в Ярославле заявил, что главой государства может стать человек любой профессии. Об этом сообщает ТАСС в четверг, 13 декабря. «Как правило главами государств, правительств становятся люди, которые имеют либо юридические, либо экономические знания, погружены в социум и законы, во взаимодействие людей между собой», — сказал Путин. Президент подчеркнул, что для управления страной необходимы знания и навыки. В ходе выступления Путин также признался, что своим профессиональным выбором остался доволен. По его словам, в последнее время его очень интересуют генетика и искусственный интеллект. Говоря о своем преемнике, он всегда отмечает, что нового лидера должен выбрать народ. По словам Путина, он может делать какие-то прогнозы, но в любом случае окончательное решение будет за гражданами. Впервые Путин был избран президентом РФ в 2000 году в возрасте 48 лет. Сейчас президенту 66 лет.| 0
|Отношения между Москвой и Вашингтоном сейчас хуже, чем во времена холодной войны. Об этом заявил голливудский актер и спецпредставитель российского МИД по гуманитарным связям России и США Стивен Сигал на форуме в Общественной палате, передает ТАСС. «Главной целью моей деятельности как спецпредставителя по гуманитарным связям является установление мира между США и Россией, — заявил он. — Сегодня отношения между Россией и США даже хуже, чем во времена холодной войны, хуже, чем в 1950-1960-е годы». Сигал также считает, что война — это огромный бизнес, а людей, которые финансируют такие действия, можно называть именно бизнесменами, но никак не патриотами. «Обращаясь к тем, кто развязывает войны, хочу сказать, что ваши действия ничем не обоснованы (...). Та пропаганда, которую мы сейчас встречаем повсеместно, не имеет никакого основания под собой», — отметил он, говоря в том числе об антироссийской кампании в прессе. Сигала взяли на должность спецпредставителя на общественных началах МИД России в августе 2018 года. В ведомстве поясняли, что актер займется проектами в области культуры, искусства, науки, образования и спорта. Также сообщалось, что он не будет получать денежное вознаграждение за работу. Американский актер стал российским гражданином в ноябре 2016 года. Паспорт ему вручил лично президент Владимир Путин. Пресс-секретарь главы государства Дмитрий Песков тогда сообщил, что актер, который «известен своими достаточно теплыми чувствами в отношении нашей страны», настойчиво и долго об этом просил.| 0
|Президент России Владимир Путин призвал молодых людей не ждать руководящих указаний от государства, а самостоятельно распоряжаться своей жизнью. Соответствующее заявление он сделал на открытом уроке «Направление прорыва» в Ярославле. Видео с мероприятия доступно на сайте РИА Новости. Он подчеркнул, что человек должен сам искать свой путь и брать судьбу в свои руки. 90 процентов успеха в жизни зависит от собственных поступков человека, добавил глава государства. Путин посоветовал школьникам не ждать, что «добрый дядя что-то принесет», а руководствоваться строками из революционной песни: «Никто нам не поможет: ни бог, ни царь и ни герой». Также в ходе мероприятия российский лидер заявил о важности правильного выбора профессионального пути. «Найти себя в жизни — самое главное, это первый шаг к успеху», — подчеркнул он. Путин признался, что своей профессией он доволен.| 0
|BMW и Porsche представили инновационную электрозаправку, которая заряжает электромобиль за рекордные три минуты. Об этом сообщает агентство Bloomberg, которое отмечает, что немецкие автоконцерны теперь превосходят Tesla на этом рынке. Немецкие компании утверждают, что их электрозаправки могут зарядить электрокар менее чем за три минуты, при этом заряда будет достаточно для того, чтобы проехать около 100 километров. Мощность супербыстрых зарядок составляет 450 киловатт, что в три раза выше, чем у Tesla. Максимальная скорость зарядки от Tesla — 15 минут, за которые автомобили заряжаются на 80 процентов, а для полного заряда им потребуется около 30 минут. Агентство отмечает, что необходимость создания и развития электрозаправок для мировых автоконцернов является вынужденной мерой — компании должны соблюдать все более жесткие экологические требования. Однако минусы электроиндустрии, такие как низкий запас хода и медленная заправка, долгое время мешали бурному развитию электромобилей, теперь же, предполагает Bloomberg, одна из этих принципиальных проблем может быть решена. Помимо BMW и Porsche, в разработке супербыстрой заправки принимали участие Siemens и профильные компании, специализирующиеся на зарядках и батареях — Allego и Phoenix Contact E-Mobility. Первая зарядка на днях была открыта в Баварии, ею бесплатно могут пользоваться все владельцы электромобилей BMW. Единственный недостаток новых суперзаправок — модели BMW не смогут поглотить столько энергии, они рассчитаны всего лишь на 50 киловатт, однако немецкий концерн планирует исправить этот недочет уже через год, увеличив возможности принятия мощности в три раза.| 2
|Власти США до сих пор не пояснили, что вкладывают в понятие «приостановка» Договора о ликвидации ракет средней и малой дальности (ДРСМД). Об этом заявил замглавы МИД России Сергей Рябков. Его ответ на вопрос журналистов размещен на сайте ведомства в четверг, 13 декабря. «США не предоставили нам каких-либо разъяснений на этот счет. В то же время для специалистов очевидно, что реально приостанавливать в реализации ДРСМД практически нечего», — отметил дипломат. По его словам, соглашение в настоящее время можно лишь откровенно нарушить, начав производство запрещенных классов ракет и их развертывание. Это связано с тем, что ликвидация попавших под действие договора вооружений закончилась давно. Рябков добавил, что Россия ДРСМД не нарушала, так что обвинения Вашингтона голословны и необоснованны. В то же время США не устранили уже имевшие место нарушения своих обязательств, связанные «с развертыванием на суше в составе комплексов Aegis Ashore пусковых установок (...) позволяющих осуществлять боевое применение крылатых ракет средней дальности Tomahawk», ракетами-мишенями и беспилотниками с ударным потенциалом, подчеркнул он. 4 декабря госсекретарь США Майк Помпео заявил, что если Россия не вернется к исполнению ДРСМД в течение 60 дней, то Вашингтон сначала приостановит его действие, а затем начнет процедуру выхода. 20 октября президент США Дональд Трамп объявил о выходе своей страны из Договора РСМД. По его словам, Вашингтон был вынужден пойти на подобный шаг, так как Москва нарушает данное соглашение. Американский лидер добавил, что допускает заключение новой сделки с Россией и Китаем. ДРСМД не разрешает сторонам иметь баллистические ракеты наземного базирования и крылатые ракеты с дальностью от 500 до 5,5 тысячи километров. Документ был подписан в 1987 году генеральным секретарем ЦК КПСС Михаилом Горбачевым и президентом США Рональдом Рейганом. Москва и Вашингтон регулярно обвиняют друг друга в нарушении его условий.| 0
|Встреча президента США Дональда Трампа с российским лидером Владимиром Путиным не состоится, пока Россия не отпустит задержанных после инцидента в Керченском проливе украинских моряков. Об этом заявил советник американского президента по национальной безопасности Джон Болтон, передает Reuters. «Я не вижу в обозримом будущем обстоятельств, при которых подобная встреча смогла бы состояться до того, как корабли и их экипажи не будут отпущены», — сказал он. Президенты России и США должны были провести переговоры в ходе саммита G20 в Аргентине, который прошел 31 ноября — 1 декабря. Однако Трамп отменил встречу с Путиным, сославшись на инцидент в Керченском проливе. В Москве такой шаг объяснили внутриполитическими причинами. 25 ноября пограничное управление ФСБ России задержало в районе Керченского пролива три корабля Военно-морских сил Украины, которые пересекли российскую границу, не реагировали на требования остановиться и начали опасное маневрирование. В Москве назвали действия украинской стороны провокацией. Было возбуждено уголовное дело о нарушении государственной границы, 24 украинских моряка, находившиеся на борту трех кораблей, арестованы на два месяца. В Киеве сочли действия Москвы «актом военной агрессии», в ряде областей страны, граничащих с Россией и Приднестровьем, было введено военное положение. 30 ноября власти страны ограничили въезд на территорию Украины российских мужчин в возрасте от 16 до 60 лет.| 0
|Президент США Дональд Трамп отменил ежегодный прием для журналистов, который проводится в Белом доме по случаю Рождества. Об этом сообщает Fox News. Телеканал отметил, что администрация при этом не отказывается от других праздничных мероприятий, на которые также приглашаются некоторые журналисты. В то же время официально о том, что рождественский вечер не состоится, в Белом доме пока не сообщали. Fox News сообщает, что традиция отменяется из-за все более спорных отношений Трампа с крупными информационными ресурсами. При этом такое решение вряд ли кого-то шокирует, учитывая постоянные нападки президента на журналистов и «фейковые новости», а также негативное освещение работы его администрации. В этой связи вспоминается и отзыв аккредитации у журналиста CNN Джима Акосты после того, как он поспорил с главой государства во время пресс-конференции. Пропуск мужчине восстановили после подачи заявления в суд. Обычно на ежегодный прием приглашались журналисты, освещающие работу Белого дома, а также репортеры из Вашингтона и Нью-Йорка. Какое-то время назад из-за числа гостей приходилось даже проводить два мероприятия: одно для печатной прессы, другой для вещательных компаний. Журналистам позволяют приводить с собой жену, члена семьи, друга или коллегу. Все они могут бродить по украшенному к Рождеству особняку. На приеме им устраивают шведский стол, а изюминкой мероприятия считается выход президента к гостям и его длительные фотосессии со всеми желающими. Обычно они занимают несколько часов. Ранее Трамп дважды отказывался принимать участие в ежегодном ужине Ассоциации корреспондентов Белого дома. В то же время рождественский прием в 2017 году состоялся, однако на нем президент и первая леди не позировали для снимков. Тогда Трамп лишь ненадолго появился с женой Меланией и произнес несколько приветственных слов.| 0
|Европейский союз продлил экономические санкции в отношении России из-за ситуации на Украине. Об этом президент Европейского совета Дональд Туск в четверг, 13 декабря, написал на своей странице в Twitter. «ЕС единогласно продлевает экономические санкции против России, учитывая нулевой прогресс в реализации минских соглашений», — сообщил он. Таким образом ограничительные меры вновь продлены на шесть месяцев. Ранее канцлер ФРГ Ангела Меркель сообщала, что Германия поддержит продление санкций. Она также заявила, что обеспокоена действиями России из-за ситуации в Керченском проливе, где 25 ноября пограничное управление ФСБ России задержало три корабля Военно-морских сил Украины и их экипаж. В отношении них было возбуждено уголовное дело о нарушении государственной границы, они арестованы на два месяца. Страны ЕС вместе с США и рядом других государств ввели ограничительные меры против России после присоединения Крыма в 2014 году, а впоследствии — из-за конфликта в Донбассе. Отмену мер Запад увязывает с выполнением Москвой минских соглашений — комплекса мер по стабилизации ситуации на юго-востоке Украины. Москва неоднократно заявляла о том, что не является стороной конфликта в Донбассе, а ответственность за выполнение соглашений лежит на Киеве. В России также подчеркивают, что процедура присоединения Крыма полностью соответствовала международным нормам.| 0
|США намерены противостоять быстро растущему влиянию Китая и России в Африке. Об этом заявил советник американского президента по национальной безопасности Джон Болтон, передает Reuters. «Китай и Россия быстро расширяют свое финансовое и политическое влияние в Африке. Они намеренно и агрессивно направляют свои инвестиции в регион, чтобы получить конкурентное преимущество над Соединенными Штатами», — сказал он, выступая в Heritage Foundation. По словам Болтона, Москва развивает отношения на этом континенте, «не уделяя должного внимания верховенству закона». Он также утверждает, что Россия продает странам оружие и энергию в обмен на голоса в ООН, что «удерживает у власти диктаторов, подрывает мир и безопасность и противоречит интересам африканского народа». Советник указал, что китайские инвестиционные проекты в Африке пронизаны коррупцией. По его словам, Пекин использует взятки, непрозрачные соглашения и стратегически использует долг государств, чтобы удерживать их в плену своих желаний и требований. Болтон считает, что «хищническая практика» Москвы и Пекина сдерживает экономический рост африканских стран и угрожает их экономической независимости. Кроме того, она создает климат для насильственных конфликтов и распространения терроризма. Он также отметил, что США ведут дела гораздо более прямолинейно. В этой связи Вашингтон намерен развивать экономические связи с регионом, чтобы создавать возможности для американского бизнеса и защищать независимость стран Африки, а также интересы национальной безопасности США. В ноябре стало известно, что США переведут военный контингент из Африки из-за угрозы, исходящей от России и Китая. Около 700 бойцов антитеррористических подразделений планируется переместить в другие места в ближайшие несколько лет. В октябре сообщалось, что европейские министры иностранных дел решили усилить военную поддержку ЦАР, чтобы противодействовать влиянию России на положение дел в стране.| 0
| В городе Батайск Ростовской области мужчина напал с ножом на судебного пристава. Об этом «Ленте.ру» рассказали в Следственном комитете. Видео с моментом нападения появилось в Telegram-канале «Следак шепнул». 41-летний мужчина вошел в здание суда, выхватил нож и набросился на пристава. Преступник нанес жертве удар ножом в грудь, после чего попытался скрыться. Полицейский, бросившийся в погоню, также получил ножевое ранение. Преступник задержан. Его мотивы неизвестны, однако, по предварительным данным СК, он состоит на учете у врача-психиатра. 1 августа 2017 года члены «банды GTA» устроили перестрелку в здании Мосгорсуда. Инцидент произошел в лифте, который застрял во время спуска с четвертого на третий этаж. Там пятеро подсудимых напали на сотрудницу конвоя, отняли у нее табельное оружие и начали ее душить. Второй конвоир успел вызвать подкрепление. В результате трое преступников были убиты, еще двое получили тяжелые огнестрельные ранения и попали в больницу.| 3
|Большинство стран Евросоюза выступили против введения новых антироссийских санкций из-за конфликта России и Украины в Керченском проливе. Об этом сообщает ТАСС со ссылкой на европейский источник на саммите ЕС в Брюсселе. По его словам, страны-члены Евросоюза считают такие санкции контрпродуктивными. «Мнение большинства заключается в том, что необходимо добиться снижения эскалации и найти решение вопроса с длительным досмотром судов, в том числе и европейских», — пояснил дипломат. Ранее 13 декабря Евросоюз продлил экономические санкции в отношении России из-за ситуации на Украине. Организация обратила внимание на «нулевой прогресс» в реализации минских соглашений. 12 декабря канцлер ФРГ Ангела Меркель объявила, что Германия выступит за продление антироссийских санкций. Она также отметила, что обеспокоена действиями России из-за ситуации в Керченском проливе, где 25 ноября пограничное управление ФСБ России задержало три корабля Военно-морских сил Украины и их экипаж. В конце ноября стало известно, что Франция и Германия не заинтересованы в введении новых санкции против России.| 0
|29-летний Шериф Шекатт (Cherif Chekatt), подозреваемый в расстреле людей на рождественской ярмарке в Страсбурге, застрелен полицией. Об этом сообщает Franceinfo. Преступника обнаружили на одном из складов неподалеку от места его атаки. Он был убит в ходе завязавшейся перестрелки. Для выслеживания Шекатта привлекались 750 полицейских. На охрану общественных мест после инцидента были направлены военные. Расстрел произошел вечером 11 декабря. Мужчина прокричал «Аллах Акбар» и открыл огонь по посетителям рождественской ярмарки. Погибли три человека и пострадали еще 12. Сотрудники полиции ранили стрелка, однако ему удалось сбежать. Позднее выяснилось, что Шекатт состоял на учете у спецслужб как потенциально опасный субъект. Прокурор Парижа заявил, что мотивы мужчины пока неясны, ответственность за нападение также никто не взял. 12 декабря было объявлено в Страсбурге траурным днем.| 3
|Космонавты Олег Кононенко и Сергей Прокопьев добрались до отверстия в обшивке «Союза МС-09» и приступили к его изучению. Об этом в среду, 12 декабря, сообщает корреспондент ТАСС из Центра управления полетами. По словам Кононенко, дыра похожа на расползшегося паука. Она выглядит как темное пятно. Космонавт обнаружил отверстие под обшивкой, сделав надрез на листе противометеоритной защиты и отогнув его. Ему необходимо взять два соскоба с отверстия и извлечь образцы герметика. Кроме того, Кононенко должен заснять на видео и сфотографировать поврежденную зону. Космонавты вышли в открытый космос в 19:00. Операция по вскрытию противометеоритной защиты корабля в космосе проводится впервые в истории. Об утечке воздуха на МКС стало известно 30 августа. Причина неполадок — отверстие диаметром около двух миллиметров в обшивке пилотируемого корабля «Союз МС-09», пристыкованного к российскому сегменту станции. Впоследствии стало известно, что утечка вызвана преднамеренным воздействием сверла на обшивку корабля. Российским космонавтам удалось оперативно заделать отверстие. Причины случившегося выясняются.| 1
|В кафе «Райская трапеза» на Ленинском проспекте в Москве произошла перестрелка. Видео происшествия опубликовал телеканал «РЕН ТВ». На записи видно, как мужчины за столом начали ссориться и открыли стрельбу из пистолета. Очевидцы сообщают о 12 выстрелах. В результате один человек погиб, еще один получил ранения. Злоумышленники забрали пострадавшего с собой и покинули место происшествия. В Москве объявлен план «Перехват», полицейские разыскивают три автомобиля, на которых скрылись участники конфликта.| 3
|Ученые Ратгерского университета (США) обнаружили, что в кофе содержится вещество, которое вместе с кофеином способно затормозить развитие болезни Паркинсона и деменции с тельцами Леви. Об этом сообщается в пресс-релизе на MedicalXpress. Известно, что в восковой внешней оболочке кофейных бобов содержится эйкозаноил-5-гидрокситриптамид (EHT) — жирнокислотное производное нейромедиатора серотонина. Результаты предыдущих исследований показали, что EHT препятствует накоплению в мозге мышей белка, связанного с развитием возрастных нейродегенеративных заболеваний. В новой работе исследователи давали подопытным мышам небольшие дозы кофеина и EHT вместе и по отдельности. Показано, что каждое вещество само по себе является не очень эффективным, однако в сочетании они предотвращают образование вредного белка. Это указывает на то, что в человеческом организме кофе может как замедлить, так и остановить прогрессирование болезни Паркинсона и деменции с тельцами Леви, которая является вторым по частоте нейродегенеративным слабоумием (после болезни Альцгеймера). По словам ученых, необходимы дальнейшие исследования, которые позволят определить правильные количества и соотношения кофеина и EHT для лечения слабоумия у людей.| 1
|Президент США Дональд Трамп заявил, что не боится импичмента, так как не сделал ничего противозаконного. По словам главы государства, он вывел экономику страны на высочайший уровень. Об этом американский лидер рассказал в интервью Reuters. «Я не тревожусь об этом. Думаю, люди взбунтовались бы, если бы это произошло», — ответил Трамп на вопрос о возможном привлечении к суду. Демократы и оппозиционные СМИ предсказывают главе государства импичмент по нескольким причинам. Они связаны в основном с признаниями его личного адвоката Майкла Коэна, который, к примеру, рассказал, что Трамп дал ему указание совершить преступление, заплатив двум женщинам, чтобы повлиять на ход выборов. За это президента могут обвинить в нецелевом расходовании средств избирательного фонда. Кроме того, юрист указывал и на некоторые связи Трампа с Россией, но спецпрокурор Роберт Мюллер так и не выдвинул никаких свидетельств его сговора с Москвой. В августе президент США заявил, что рынки обвалятся, если демократы объявят ему импичмент.| 0
|Экспертный центр Союза потребителей «Росконтроль» подвел итоги по исследованию сливочного масла. Результаты экспертизы имеются в распоряжении «Ленты.ру». Всего специалисты проверили 37 брендов по 46 показателям качества и безопасности. Продукция шести торговых марок была признана качественной, 14 брендов попали в список товаров с замечаниями, еще 17 — в черный список «Росконтроля». Одной из главных причин попадания в черный список в организации назвали фальсификацию, в том числе с использованием потенциально опасных для здоровья ингредиентов — говяжьего и свиного жира. Более того, в продукции брендов «То самое масло» и «Кубанский молочник» обнаружены бактерии группы кишечной палочки (БГКП), что является признаком фекального загрязнения. Кроме того, 31 образец из 37 получил существенные замечания ко вкусу, запаху и консистенции. К покупке «Росконтроль» рекомендует продукцию следующих брендов: «Вкуснотеево», «Радость вкуса», «Брест-Литовск», «Экомилк», Valuiki и «Белорусское».| 2
|Жертвами стрельбы во французском Страсбурге в общей сложности стали три человека, еще двенадцать получили ранения. Об этом заявил глава французского МВД Кристоф Кастанер, передает Reuters в среду, 12 декабря. По его словам, преступника пока не удалось поймать, он находится в бегах и до сих пор представляет угрозу обществу. «Правительство повысило уровень угрозы до наивысшего и усилило пограничный контроль, — сказал Кастанер. — Мы усилим безопасность на всех рождественских ярмарках, чтобы предотвратить подобные атаки». Полиции удалось установить личность стрелка, им оказался 29-летний Шериф Шекатт (Cherif Chekatt). Известно, что он состоял на учете у спецслужб как потенциально опасный субъект. Прокурор города Парижа заявил, что мотивы мужчины пока неясны, ответственность за нападение также никто не взял. В то же время, пишет агентство, разведывательная служба в США, занимающаяся мониторингом джихадистских сайтов, сообщила, что сторонники террористической группировки «Исламское государство» (ИГ, запрещена в России) радовались случившемуся. Европейский парламент, который заседает на этой неделе в Страсбурге, был закрыт. Немецкая полиция на противоположном берегу Рейна также усилила безопасность. Мэр Страсбурга Ролан Рис объявил 12 декабря траурным днем, все ярмарки будут закрыты, а спектакли и концерты отменены, сообщало РИА Новости. Расстрел произошел вечером 11 декабря. Мужчина открыл огонь по посетителям рождественской ярмарки. Сотрудники полиции ранили стрелка, однако ему удалось сбежать.| 3
|США развернули наблюдательные пункты на турецко-сирийской границе. Об этом говорится в пресс-релизе официального представителя Пентагона Роба Мэннинга, передает Sputnik. «По приказу министра [обороны Джеймса] Мэттиса США установили наблюдательные посты в северо-восточном приграничном регионе Сирии для решения проблем безопасности нашего союзника по НАТО — Турции», — отметил он. Ни количество подобных постов, ни их точное месторасположение не указываются. Также не сообщается о числе наблюдателей, которые на них размещены. Как отмечает Sputnik, ранее министр национальной обороны Турции Хулуси Акар выразил обеспокоенность подобными планами и призвал США отказаться от них. По его словам, сооружение постов может восприниматься как своего рода попытка Вашингтона «защитить террористов». К ним Анкара причисляет представителей курдской партии «Демократический союз» (PYD) и ее вооруженных «Отрядов народной самообороны» (YPG). О намерениях США установить несколько наблюдательных пунктов на сирийско-турецкой границе Мэттис объявил в ноябре. По его словам, Вашингтон намерен отслеживать любую угрозу для Турции, исходящую из этого региона, передавал портал Hurriyet Daily News. Тогда министр также отмечал, что установка пунктов не потребует отправки дополнительных американских войск в Сирию. В конце октября президент Турции Реджеп Тайип Эрдоган объявил, что Анкара в скором времени начнет новые эффективные операции в Сирии и планирует «уничтожить террористические группировки к востоку от реки Евфрат». В начале года Турция провела операцию «Оливковая ветвь» против формирований курдов в сирийском Африне.| 0
|Премьер-министр Дмитрий Медведев допустил внесение изменений в Конституцию, если это будет необходимо для  «актуализации статуса органов власти» или «развития тех или иных прав». Об этом он написал в статье «25 лет Конституции: баланс между свободой и ответственностью», опубликованной в журнале «Закон» и на сайте правительства. Медведев отметил, что никакие поправки не должны затрагивать права личности и подрывать основы демократического устройства страны. Он добавил, что сам предлагал вносить точечные изменения: о продлении срока полномочий президента и депутатов Госдумы, а также об отчетности правительства перед парламентом. «Конституция в принципе должна быть вечной», – подчеркнул премьер. При этом он отметил, что россияне не должны забывать, что некоторые из ее положений «выстраданы и омыты кровью». По его словам, Основной закон 1993 года выдержал проверку временем и за прошедшие 25 лет не был радикально пересмотрен, базовые устои сохранены в неизменном виде. Медведев уверен, что в будущем необходимо сделать так, чтобы «весь государственный аппарат работал не как вещь в себе», а был направлен «на реализацию принципов современного правового социального и демократического государства, концепции Конституции Человека». Ранее пресс-секретарь президента Дмитрий Песков говорил, что Кремль не собирается менять Конституцию. 12 декабря 2018 года исполнилось 25 лет с дня принятия действующей Конституции России.| 0
|Члены британского парламента от Консервативной партии инициировали голосование по вопросу о доверии премьер-министру Терезе Мэй в связи с выходом страны из Евросоюза (Brexit). Об этом сообщает Reuters. Как заявил глава комитета 1922 Грэм Брэди, преодолен порог заявлений, необходимых для проведения голосования. В этой связи оно будет проведено в среду, 12 декабря, между 18:00 и 20:00 по местному времени (с 21:00 по 23:00 мск) в Палате общин. «Голоса будут подсчитаны сразу после этого, как можно быстрее вечером будет сделано объявление», — заявил он. По уставу партии, для начала голосования по вопросу о доверии необходимы заявления от 15 процентов членов партии в парламенте — то есть 48 человек. Затем их рассматривает комитет 1922, который и решает окончательно, проводится ли процедура. В ней участвуют все парламентарии от Консервативной партии. Для отстранения Мэй за этот вариант должны высказаться 158 из 315 законодателей. Чтобы сохранить пост, премьер-министру также необходима поддержка простого большинства голосов. Мэй является сторонницей «мягкого для бизнеса» решения вопроса. Из-за несогласия с ее позицией ранее покинули свои посты несколько министров, в том числе глава Форин-офиса Борис Джонсон. Переговоры Лондона и Брюсселя о выходе Великобритании из ЕС начались летом 2017 года. Это произошло после того, как в 2016 году в Соединенном Королевстве на референдуме победу с результатом в 51,9 процента одержали противники евроинтеграции. Brexit должен состояться 29 марта 2019 года, затем начнется переходный период.| 0
